"event_id","title","abstract","time_get"

"XOBr","光明牛奶变质门 百名市民齐投诉","【光明牛奶变质门 百名市民齐投诉】 ##2012年09月10日16:56 法讯网综合报道 变质门，2012年9月9日，据中国之声《新闻晚高峰》报道，是非不断的光明牛奶又一次成为舆论焦点。上海光明小口瓶鲜牛奶的订户9月8日发现，光明鲜牛奶味道怪异，怀疑牛奶变质。新闻回顾2012年9月8日，上海光明小口瓶鲜牛奶(220毫升)订户发现，光明鲜牛奶味道怪异，怀疑牛奶变质。","09/10/2012 19:32:50"
"YckX","日本金融大臣松下忠洋家中上吊身亡 首相悲恸","【日本金融大臣松下忠洋家中上吊身亡 首相悲恸】 日本邮政改革和金融事务担当大臣松下忠洋10日被发现死在他位于首都东京的寓所。警方怀疑，松下系自杀身亡。首相野田佳彦当天表达哀悼，称自己“难以言表”失去松下的悲恸之情。家中上吊日本共同社援引警方调查人员的话报道，松下当天被发现在位于东京都江东区的家中上吊，稍后在医院确认死亡。","09/11/2012 09:53:21"
"EjLx","大学新生因校门破欲退学 校方称不做表...","【大学新生因校门破欲退学 校方称不做表...】 可在家人的劝说之下，她还是决定来看看学校再说。于是，在9月9日山东师范大学迎新现场上，一直心有不甘的小汪便以“校门太破了，不想上”为由发泄一下憋在心里的不痛快。她并不是真的因为校门破而想退学，可这一句话却引起网友热议，让山东师范大学的校门“躺着也中枪”。","09/11/2012 10:54:01"
"MerR","中国公布钓鱼岛及其附属岛屿领海基线","【中国公布钓鱼岛及其附属岛屿领海基线】 日本政府昨天宣布，已经决定由政府“购买”钓鱼岛、北小岛和南小岛，将这三个岛“收归国有”。中国政府当天以多种方式对此提出强烈抗议，并就钓鱼岛及其附属岛屿领海基线发表声明。国务院总理温家宝在外交学院新校区出席周恩来和陈毅铜像揭幕仪式时表示，钓鱼岛是中国固有领土，在主权和领土问题上，中国政府和人民绝不会退让半步。","09/11/2012 10:55:18"
"YSkN","我外交部声明:日方一意孤行将承担一切严重后果","【我外交部声明:日方一意孤行将承担一切严重后果】  据新华社■相关新闻据新华社北京9月10日电 外交部长杨洁篪10日在外交部紧急召见日本驻华大使丹羽宇一郎，就日本政府非法“购买”钓鱼岛提出严正交涉和强烈抗议。杨洁篪指出，钓鱼岛及其附属岛屿自古以来就是中国的固有领土，这方面的历史事实和法理依据是清楚的。","09/11/2012 17:52:06"
"tYEG","奥巴马发表911纪念日演说 称美国比11年前更强大","【奥巴马发表911纪念日演说 称美国比11年前更强大】 国际在线专稿：据美国《国际财经时报》9月11日报道，美国总统奥巴马日前在“9 11”恐怖袭击11周年纪念仪式上发表演说，他悼念了当年的死难者，赞扬事件中勇于承担的人，并称美国已经比11年前更强大。此外，奥巴马和罗姆尼的竞选阵营已宣布，将在9月11日停播竞选广告。","09/12/2012 08:02:24"
"Bkdj","重庆男子转发打黑漫画劳教2年官方撤销该决定","【重庆男子转发打黑漫画劳教2年官方撤销该决定】 2009年9月，在重庆打黑期间，彭洪因在天涯论坛中转发打黑漫画《保护伞》，被重庆市劳教委认定为诽谤，处以劳教两年。他的遭遇在经过人民网官方微博访谈后，成为近期的舆论关注焦点。此时，距离彭洪离开重庆市北碚西山坪劳教所已过去整整1年时间。2011年9月10日，他离开了劳教所。","09/12/2012 10:46:03"
"femy","韩媒关注中企获得朝鲜清津港使用权","【韩媒关注中企获得朝鲜清津港使用权】 核心提示：朝鲜1日与吉林省图们市一家私企签署了使用清津港的合同。韩媒称此举将加速中国对日本海的“侵入”。中国一家企业近日在与平壤签署的合同中获得了与朝鲜共同使用朝东北部港口清津港的权利。韩媒称，预计此举将加速中国对日本海的""侵入""。韩联社援引中国媒体《延边日报》报道称，朝鲜1日与吉林省图们市一家私企签署了使用清津港的合同，该合同就中朝双方共同管理和利用清津港3号和4号码头做出具体约定。","09/12/2012 11:33:05"
"cdDE","韩行政首都将迁至世宗市 万名公务员大搬家","【韩行政首都将迁至世宗市 万名公务员大搬家】 据韩国《朝鲜日报》9月11日报道，韩国政府将在2014年之前完成行政首都迁移至世宗市的工作。韩国此次""公务员大搬家""将从本月14日开始，世宗市大移动的""领跑者""是韩国国务总理室。据报道，韩国政府16个中央部门和16个政府出资研究机构的1.3万名公务员将在2014年之前迁移到行政首都世宗市办公。","09/12/2012 13:54:00"
"QwYp","集贤亭倒了:杭州西湖著名景点集贤亭倒塌","【集贤亭倒了:杭州西湖著名景点集贤亭倒塌】 第1页：集贤亭倒了：杭州西湖著名景点集贤亭倒塌(组图)第2页：集贤亭倒了：杭州西湖著名景点集贤亭倒塌(组图)第3页：集贤亭倒了：杭州西湖著名景点集贤亭倒塌(组图)第4页：集贤亭倒了：杭州西湖著名景点集贤亭倒塌(组图)第5页：集贤亭倒了：杭州西湖著名景点集贤亭倒塌(组图)第6页：集贤亭倒了：杭州西湖著名景点集贤亭倒塌(组图)第7页：集贤亭倒了：杭州西湖著名景点集贤亭倒塌(组图)第8页：集贤亭倒了：杭州西湖著名景点集贤亭倒塌(组图)今天下午13点40分左右，有网友微博爆料称，据杭州消防消息，西湖边一公园一亭子倒了，消防到场时说里面四个人跑出来了！","09/12/2012 17:42:52"
"AnYt","爆乳海归女酒后调戏交警 车顶遥控驾车...","【爆乳海归女酒后调戏交警 车顶遥控驾车...】 海归爆乳女调戏交警被放行，红遍网络，引发争议。近日,一名海归爆乳女调戏交警被放行，在网上引起争议。从画面上看，这名海归G杯女打扮十分暴露，像极了最近网络爆红的红钢城暴露女。海归爆乳G杯女和男友二人晚上十一点左右在街上被交警截住。因为交警发现一辆缓慢行驶的轿车十分可疑，叫停该车以后发现车内空无一人。","09/12/2012 18:12:18"
"QjPF","三军实兵演练扎实推进","【三军实兵演练扎实推进】 放眼望，三军演兵场上炮声隆隆，硝烟弥漫。透过浓浓的硝烟，可以看到全军官兵正以实际行动加快转变战斗力生成模式，努力提高打赢本领，随时准备完成维护国家主权、安全和发展利益任务，有效履行党和人民赋予的历史使命。","09/12/2012 18:42:53"
"hPQN","多国爆发反美示威 美国驻利比亚大使遇袭身亡(高清组...","【多国爆发反美示威 美国驻利比亚大使遇袭身亡(高清组...】 当地时间2012年9月12日，利比亚班加西，美国领事馆遇袭后景象。美国驻利比亚班加西领事馆11日遭当地示威者冲击。美国驻利比亚大使史蒂文斯以及其他三名使馆官员遭遇火箭弹袭击丧生。领事馆遭袭后已经面目全非，车辆也被烧焦。利比亚副总理谴责袭击事件。","09/13/2012 13:32:48"
"YFPG","外交部就菲律宾命名所谓“西菲律宾海”答问","【外交部就菲律宾命名所谓“西菲律宾海”答问】 洪磊表示，菲方将菲律宾群岛以西海域由“南中国海”改名为“西菲律宾海”，这一举动丝毫不能改变中国对包括南沙群岛、黄岩岛在内的南海诸岛及其附近海域拥有无可争辩的主权这一事实。有记者问：据报道，菲律宾总统阿基诺发布行政命令，将菲律宾群岛以西海域由“南中国海”改名为“西菲律宾海”，阿基诺称此举旨在澄清菲方主权海域范围，菲将把新名称提交联合国。","09/13/2012 18:53:38"
"hiDT","武汉东湖景区工地电梯坠楼死亡人数增至19人","【武汉东湖景区工地电梯坠楼死亡人数增至19人】 人民网武汉9月13日电 13日下午1时许，武汉长江二七大桥与欢乐大道交界处东湖风景区工地上，一载人电梯从30层突然坠落，多人遇难。截止13日下午16点55分，死亡人数由最初发布的9人增至19人，抢救工作还在进行中。","09/13/2012 19:42:56"
"HpMc","网曝官二代两地任职吃空饷续:官方称在襄阳挂职无工资","【网曝官二代两地任职吃空饷续:官方称在襄阳挂职无工资】 13日，湖北省人民检察院武汉铁路运输分院、中共襄阳市委组织部和襄阳市人民检察院分别发布声明，对“刘真两地任职吃空饷”一事进行回应：微博所述根本不存在,他每月只拿了2000元生活费。","09/14/2012 11:02:38"
"gBJq","反美抗议蔓延多国","【反美抗议蔓延多国】 新华社发本报综合新华社消息 美国一部争议影片引发的反美抗议浪潮13日在多国蔓延。埃及示威者13日凌晨开始与警方在美国驻埃及大使馆周围爆发冲突。当天，数以百计的也门民众也聚集在美国驻也门大使馆前，砸碎使馆建筑玻璃，冲进守卫森严的使馆院内。除埃及和也门之外，伊朗、伊拉克、孟加拉国、摩洛哥、苏丹、突尼斯等国民众以及加沙地带的巴勒斯坦人，当天同样举行规模不等的反美抗议活动，表达对美国争议影片诋毁伊斯兰教先知穆罕默德的不满。","09/14/2012 11:32:29"
"swTl","海心沙公园9月30日起正式免费 先开幕式举办场地","【海心沙公园9月30日起正式免费 先开幕式举办场地】 2010年亚运期间，海心沙岛灯火璀璨。 南都记者 陈辉 摄(资料图)南都讯 亚运后公众一直呼吁的海心沙公园免费终于要实现了，昨日下午广东省物价局一纸通知宣布：海心沙公园9月30日起正式免费。这一结局也为过去两年公众围绕海心沙公园收费的争论画上一个完美的句号。","09/14/2012 16:33:23"
"CwMB","顾雏军称自己无罪 举报前证监会副主席范福春","【顾雏军称自己无罪 举报前证监会副主席范福春】 前广东科龙电器股份有限公司董事长顾雏军宣称自己无罪，并举报证监会前副主席范福春和证监会广东证监局局长刘兴强贪赃枉法。易财经9月14日讯 前广东科龙电器股份有限公司董事长顾雏军6日出狱，结束了其自2005年开始的长达7年的牢狱之灾。今日，他在北京举行了出狱后的首次媒体发布会，宣称自己无罪，并举报证监会前副主席范福春和证监会广东证监局局长刘兴强贪赃枉法。","09/14/2012 16:33:37"
"QXNh","上海打日本人：暴打日本人出气 爱国不应该这么简单暴力","【上海打日本人：暴打日本人出气 爱国不应该这么简单暴力】 据日本驻上海领事馆消息，12号晚间一名日本男性外出时，被上海市民殴打，目前正在医院接受治疗。上海市连日来接连发生多起日本人被袭事件，目前共有4名日本人受伤。日本大使馆13号，已向本国居民发出，注意人身安全的通告。(凤凰卫视9月14日讯)受钓鱼岛事件影响，中日民间矛盾不断升级。","09/14/2012 18:42:56"
"ZIGW","四川乐山被指用水枪喷水伪造领导冒雨视察^...","【四川乐山被指用水枪喷水伪造领导冒雨视察^...】 消防水枪向天空喷出水龙，降落时就成了一场“雨”，几位领导模样者打着伞，“冒雨”谈论着现场工作，前方有摄像机在拍摄……13日晚开始，一条内容为“领导冒雨视察工作”的微博迅速扩散，并引发网友集体吐槽。昨日，该微博涉及的乐山高新技术产业开发区作出回应：该场面出现在12日，但并非是视察工作，而是拍摄制作宣传片，“冒雨工作”是拍摄机构创意。","09/15/2012 15:43:06"
"NPdT","央视多频道停播日企广告 贵州卫视亦宣...","【央视多频道停播日企广告 贵州卫视亦宣...】 央视、贵州卫视停播日本企业广告。京华时报9月15日报道 在昨天举行的外交部例行记者会上，针对记者提问近日在上海发生日本人被打伤的问题，外交部发言人洪磊表示，中国是法治国家，在华日本公民的人身安全依法得到保护，同时主张公民依法、理性表达有关诉求。","09/16/2012 10:35:00"
"mSgt","多地掀起反日游行 网传打砸日系车长沙平和堂被砸现场失 ...","【多地掀起反日游行 网传打砸日系车长沙平和堂被砸现场失 ...】 ##  2012-9-15 19:57:39|来源:妆点网| 责任编辑:dana 评论:585人最近多地掀起反日游行，有秩序的爱国游行是很好的行为，可是今天却网传打砸日系车并且将长沙平和堂砸掉现场完全失控。反日游行应当是有秩序合理的游行才能起到好的宣传效果，可是盲目的打砸日系车甚至打砸长沙平和堂真的是爱国表现么？","09/16/2012 10:35:11"
"RmMW","胡思远:我国宣布的钓鱼岛基线表就是动武的底线","【胡思远:我国宣布的钓鱼岛基线表就是动武的底线】 中日钓鱼岛争端升级以来，中国国防部发言人曾表态，将保留采取措施的权力。14日，国政策科学研究会国家安全政策委员会副秘书长彭光谦少将表示，一旦日本自卫队进入钓鱼岛，就会打破中国底线，中国也会相应地采取对应措施。专家还说，""中国人民解放军早就做好了一切准备，随时履行使命""。","09/16/2012 13:22:38"
"jvgq","男子用纸钞小猪表达不满 史上十大搞笑事件盘点","【男子用纸钞小猪表达不满 史上十大搞笑事件盘点】 综合报道：9月14日电据外媒报道，美国一名男子不满警方对他开出的137美元交通罚单，于是将137张1美元的纸钞一张一张折成小猪，以此支付他的罚金。据报道，这名男子称，警方在道路上设置的红外摄像机""是个陷阱""，对收到的137美元罚单也并不认可，他决定""用适当的方式""表达自己的不满。","09/16/2012 14:23:52"
"CSXz","青岛丰田4s店被烧","【青岛丰田4s店被烧】 青岛丰田4s店被烧（组图）鉴于日本政府近日以来在钓鱼岛问题上的种种作为，国内电商纷纷通过微博与各自网站首页公告发表抗议，呼吁各大电商网站以实际行动维护国家主权与领土完整，并建议以弘扬自主品牌，暂时""下架""日系产品。在不约而同中，中国电子商务行业俨然率先酝酿着一场民间版的对日""经济制裁""。","09/16/2012 17:02:27"
"ZBFJ","王力宏香港演唱会举行 与成龙上演嘴对嘴亲吻","【王力宏香港演唱会举行 与成龙上演嘴对嘴亲吻】 合肥在线  2012-09-17 09:33  稿源:厦门热线9月16日，一连三场的王力宏《火力全开》世界巡回演唱会香港站举行了最后一场。现场依然延续前两场的火爆势头，歌迷们大饱视听享受，王力宏则现场热情演唱，与歌迷热舞激情高涨，更与成龙大哥上演嘴对嘴亲吻。","09/17/2012 10:14:23"
"MiEh","候任驻华大使 昨日东京去世","候任日本驻华大使西宫伸一今天早晨在东京一家医院因病不治去世，享年60岁。西宫13日上午上班途中因急病昏迷并住院。","09/17/2012 10:26:42"
"jpWS","男子路边K歌被砍死 因唱歌太难听?","【男子路边K歌被砍死 因唱歌太难听?】 最近诸如打架斗殴扇耳光的事件层出不穷，主角不光有升斗小民，还有官员武将;不光在地面打，还打到了高空;甚至这全武行还从国内打到境外，不禁让人疑惑，曾经温文尔雅的中国是怎么了，为何如此崇尚暴力?尽管物质生活日渐丰裕，然而我们并未迎来""衣食足而知礼仪""，相反，似乎很多人如今都身染""屌丝综合征""，自认弱势群体，一触即跳，怀着极大的不满与火气。","09/17/2012 12:43:24"
"fXiS","松下佳能在华企业停工 日本军工企业应受重罚","【松下佳能在华企业停工 日本军工企业应受重罚】 [财讯网]据美国财经资讯网站MarketWatch近日报道，受近期中日关系趋紧影响，佳能、松下和狮王在中国的工厂从本周一起暂时停工。[财讯网]据美国财经资讯网站MarketWatch近日报道，受近期中日关系趋紧影响，佳能、松下和狮王在中国的工厂从本周一起暂时停工。","09/17/2012 17:53:21"
"wMKj","广西超模遭吐槽(多","【广西超模遭吐槽(多】 9月16日，第二十三届世界超级模特环球大赛中国区广西赛区总决赛在广西南宁某家俱城举行。20名选手经过激烈角逐，决赛决出最佳上镜奖、最具活力奖、最佳才艺奖、最佳身材奖、最佳微笑奖五个单项奖，26号的王亦然夺得冠军，88号杜娜娜和37号莫影晨分获亚军和季军。","09/17/2012 19:53:03"
"aCHW","戴名表微笑局长仍每天正常上班 他被遗忘了吗","【戴名表微笑局长仍每天正常上班 他被遗忘了吗】 只是人们很快就发现，这位“微笑局长”在不同场合佩戴不同款式、不同品牌的名表，于是网民们又送给他“杨表哥”的雅号;然后网友们又发现，“微笑局长”不但左手带名表，右手还带手镯，连价值不菲的皮带也有好几条，他还有几款眼镜，有一款眼镜价钱超过10万，另有两副眼镜是3.6万以上的奥克利。","09/18/2012 10:45:48"
"iRCm","韩寒谈钓鱼岛问题:跳出棋盘的棋子","【韩寒谈钓鱼岛问题:跳出棋盘的棋子】 跳出棋盘的棋子，哪怕披着旗帜，最终也只是个弃子。","09/18/2012 10:54:46"
"cREd","神话成员JunJin恋情曝光 与SPICA朴珠贤热恋","【神话成员JunJin恋情曝光 与SPICA朴珠贤热恋】 [导读]据韩国媒体报道，出道歌坛14年的韩国男团神话成员JunJin正与新人女团SPICA的成员朴珠贤处于热恋之中。据悉二人是通过朋友介绍而认识，在今年初才发展成为恋人。神话成员JunJin与SPICA成员朴珠贤(资料图)腾讯娱乐讯 据韩国媒体报道，出道歌坛14年的韩国男团神话成员JunJin正与新人女团SPICA的成员朴珠贤处于热恋之中。","09/18/2012 10:55:14"
"dwEW","中国驻日福冈总领馆被掷2枚发烟筒 嫌...","【中国驻日福冈总领馆被掷2枚发烟筒 嫌...】 【环球网报道 记者 李亮】据日本共同社9月17日报道，当地时间17日傍晚6时，一男子向日本福冈市中央区的中国总领事馆投掷了2枚发烟筒。此事未造成人员受伤。福冈县警方称，已有一名男子到福冈市内的警亭自首，称是自己所为。日本福冈中国领事馆遭投掷发烟筒现场","09/18/2012 12:42:40"
"sMiE","日媒称两日本人登钓鱼岛 警方正在调查两人身份","【日媒称两日本人登钓鱼岛 警方正在调查两人身份】 国际在线专稿：据日本新闻网9月18日报道，日本海上保安厅发布最新消息称，18日上午9点半左右，两名日本人登上了钓鱼岛。据称，2名登岛者将船停在钓鱼岛附近海面，跳入水中，游泳上岸。另有1人留守在船上，经过海上保安厅的问询得知，船只是日本船，2名登陆者是日本人。","09/18/2012 13:43:16"
"QEZO","国羽李文君恶言斥盲女张玉霞暴丑 个人照遭人肉曝光","【国羽李文君恶言斥盲女张玉霞暴丑 个人照遭人肉曝光】 导读： 今日，一条有关于《中国好声音》的微博网络爆红，一个名为""中国国家羽毛球队李文君""的认证用户，在个人微博中，爆粗口恶评《中国好声音》，并且针对盲人选手张玉霞进行了语言攻击，不堪入耳。李文君微博爆粗口评《中国好声音》中国娱乐网讯：今日，一条有关于《中国好声音》的微博网络爆红，一个名为""中国国家羽毛球队李文君""的认证用户，在个人微博中，爆粗口恶评《中国好声音》，并且针对盲人选手张玉霞进行了语言攻击，不堪入耳。","09/18/2012 14:44:27"
"QXWm","沈阳撞响“勿忘国耻”警钟纪念“九一八”8...","【沈阳撞响“勿忘国耻”警钟纪念“九一八”8...】 9月18日，辽宁省沈阳市在“九一八”纪念馆举行“勿忘九一八撞钟仪式”。纪念“九一八”事变81周年，提示人们勿忘国耻。中新社发 于海洋 摄中新社沈阳9月18日电 (孙林)9月18日9时18分，辽宁省沈阳市全城拉响防空警报，民众和军人共同撞响刻有“勿忘国耻”的警钟，纪念“九一八”事变81周年。","09/18/2012 14:45:13"
"OcXC","河南男子账户莫名多出1700万 吓坏储户忙去银行还钱","【河南男子账户莫名多出1700万 吓坏储户忙去银行还钱】 ##  2012-9-18 17:04:31|来源:妆点网| 责任编辑:dana 评论:585人河南男子账户莫名多出1700万，这名男子吓坏了赶紧去银行想要弄清楚事实真相。因为账户莫名多出这么多的巨款想去银行还钱不料却还遭到各部门推脱，这下男子是哭笑不得了。","09/18/2012 17:52:57"
"ioQG","广州湛江发生禽流感疫情 禽流感疫情概念股或迎投资机会","【广州湛江发生禽流感疫情 禽流感疫情概念股或迎投资机会】 今日，广州湛江发生禽流感疫情，这种禽流感疫情主要来自饲养的鸭肉身上，截止目前，为防止湛江禽流感疫情扩散，当地政府已经扑杀67500只鸭。禽流感疫情才得到控制。市场上，疫情概念股有望通过这次事件迎来投资机会，大家可以适当关注。湛江发生禽流感疫情记者从广东省农业厅了解到，9月11日，湛江市经济技术开发区东简镇部分养殖户饲养的肉鸭出现疑似禽流感症状，发病鸭14050只，死亡6300只。","09/19/2012 10:34:49"
"PkRX","庙会铁栏圈行乞者是为避免踩踏? 大小便被圈定","【庙会铁栏圈行乞者是为避免踩踏? 大小便被圈定】 第一视频>社会频道> 快讯> 庙会铁栏圈行乞者是为避免踩踏？ 大小便被圈定（图） 2012-09-19 11:37新华网摘要：庙会门口铁栏圈行乞者难道为避免踩踏，大小便难道要被圈定这样人难以理解。不管怎样，不应给行乞者做固定的圈定，容易让人产生一些不适，注意人人平等的原则。","09/19/2012 12:43:44"
"aPgh","俄罗斯公布超大钻石矿 比全球已知钻石储量大10倍","【俄罗斯公布超大钻石矿 比全球已知钻石储量大10倍】 俄罗斯日前首次公布了一个“世界最大钻石矿”“珀匹盖殒石坑”。该矿场位于西伯利亚东部地区的一个直径超过100公里的陨石坑内，储量估计超过万亿克拉，比目前已知的全世界钻石矿储量的总和还大10倍，能满足全球宝石市场3000年的需求。半岛都市报援引外媒报道称，2007年，俄罗斯的钻石生产如中日天，产值达到了13.5亿美元的新高。","09/19/2012 12:43:50"
"HIqv","80后夫妻存钱大法网络爆红 月光族围观膜拜","【80后夫妻存钱大法网络爆红 月光族围观膜拜】 近日，80后夫妻存钱大法的帖子在网络爆红，一对80后夫妻月入九千，竟然能够存款八千，对此，很多80后夫妻表示羡慕嫉妒恨。这一对80后夫妻存钱大法基本按照晚上去超市买打折品当第二天早餐，中午晚上要么在单位解决，要么去父母家蹭饭。[1][2][3][4][5][6][7]下一页 末页","09/19/2012 14:32:53"
"jdnr","韩德强就打人做回复 称被打者汉奸","【韩德强就打人做回复 称被打者汉奸】 ""当场的照片被网友传到网络上，之后韩德强迅速作出回复。韩德强：我为什么打这个汉奸?2012年9月18日，日本大使馆前的马路上，数以万计愤怒的中国人高呼""保卫钓鱼岛，打倒小日本""、""毛主席万岁""、""抵制日货、从我做起""等口号，一遍遍地游行示威，喊出了民心，表达了民意，令日本那些轻狂的政客胆颤心惊。","09/19/2012 15:54:16"
"GAYu","专家称瓦良格举行站坡仪式或为重大活动排练","【专家称瓦良格举行站坡仪式或为重大活动排练】 【环球网综合报道】2012年9月19日，有网友发出了正在大连的16号中国航母平台悬挂满旗，身着海军制服的人在甲板上进行了站坡仪式。期待中国航母服役的军事发烧友纷纷据此猜测，中国航母距离正式交付指日可待。环球时报-环球网记者19日下午采访了一位不愿透漏姓名的海军专家，这位专家表示，海军大型舰艇在领导人视察或检阅时、重要人物参观时以及正式场合的进出港时，都会举行站坡仪式；在八一建军节期间、国庆期间、元旦期间或者海军成立纪念日等重大节日时，都可能悬挂满旗；中国航母此次悬挂满旗、举行站坡仪式，并非就是正式服役的直接标志，但不排除是为重大节日或重大活动进行排练。","09/19/2012 17:42:52"
"OvdJ","北京宣武门路口餐馆发生煤气爆炸 三名后厨被烧伤","【北京宣武门路口餐馆发生煤气爆炸 三名后厨被烧伤】 昨天晚上7点10分左右，位于宣武门十字路口东北角的“彩云之滇”云南菜馆发生煤气罐爆炸，造成多人受伤，其中三人被烧伤。“本来和朋友约好去彩云之滇吃饭的，刚到还没进屋时里面突然一声巨响，后来得知是煤气罐爆炸。”现场目击者杨先生说，当时还看见一个人被气浪冲得飞了出来，自己和朋友都吓得够呛。","09/19/2012 17:43:02"
"gTPx","李天一解除教养 终究跳不过官二代特权话题","【李天一解除教养 终究跳不过官二代特权话题】 李天一解除教养，翻过了李天一打人案的一页。然而，案件背后""官 二代""的泛滥却远未停止，""官 二代""现象背后的特权话题也从未结束。如何有效约束""官二代""，已成为执政党和国家面临的重要挑战。因寻衅滋事罪被收容教养一年的李双江之子李天一，已被解除教养。","09/19/2012 18:43:34"
"LIEj","网传南京一医院引进自动取精机 试管直...","【网传南京一医院引进自动取精机 试管直...】 今天，“南京零距离”微博爆料称南京一医院引进自动取精机。消息一出，各个媒体微博纷纷转载，引得网友大呼雷人。更有网友直言担心机器故障可能造成身体残疾。微博原文：【南京一家医院引进自动取精机】@南京零距离：南京一家医院引进自动取精机，屏幕播放艺术电影，房间内环绕立体声，机器下方还有按摩器，可自行调节速度频率。","09/20/2012 10:45:43"
"XGkq","在法律的天平上:王立军案件庭审及案情始末","【在法律的天平上:王立军案件庭审及案情始末】 新华社发9月17日至18日，王立军涉嫌徇私枉法、叛逃、滥用职权、受贿案在四川省成都市中级人民法院第一法庭依法开庭审理。法庭上，检察机关出示了有关证据，王立军自行委托的两位律师进行了辩护。法庭宣布择期宣判。2012年1月28日，王立军向当时的重庆市委主要负责人反映薄谷开来在“11·15”案件中有重大作案嫌疑，29日上午受到其怒斥，并被打了耳光。","09/20/2012 13:44:14"
"DhfH","湖北城管用眼神执法商户褒贬不一:城管文明执法难在何处?","【湖北城管用眼神执法商户褒贬不一:城管文明执法难在何处?】 内容提要：近日，湖北城管用眼神执法引发热议，那么湖北城管用眼神执法是怎么回事呢？湖北城管用眼神执法有什么作用呢？对于湖北城管用眼神执法大多部分人认为是好事是文明执法。也有些人看来，在湖北城管用眼神执法的同时，加强国民的素质教育更重要。武昌城管粮道街中队推出“静默队列式”执法，列队围在店面门口，经营户自觉收起占道摊位。","09/20/2012 14:02:28"
"Kbtd","日本福冈多家在日中企遭袭 神户市一学校今晨起火","【日本福冈多家在日中企遭袭 神户市一学校今晨起火】 第一视频>财经频道> 快讯> 日本福冈多家在日中企遭袭 神户市一学校今晨起火(图) 2012-09-20 09:43新华网摘要：日本福冈多家在日中企遭袭，及很多中餐馆遭到了石块的袭击。神户一所中国人学校今晨起火。日本留学的中国留学生特别注意自己的安全，尽量少出门，不要到人多的场日本福冈多家在日中企遭袭，及很多中餐馆遭到了石块的袭击。","09/20/2012 14:04:39"
"pcUN","芙蓉姐姐微博永别闹剧解围 陶与其小17岁女模隐婚真相","【芙蓉姐姐微博永别闹剧解围 陶与其小17岁女模隐婚真相】 近日一条芙蓉姐姐微博永别了世界的信息走红网络，很多人一看见芙蓉姐姐微博永别的信息都吓坏了以为是芙蓉姐姐要自杀呢，陶与小17岁女模隐婚的事情被媒体爆料出来，虽然陶的经纪人称陶目前仍是单身，但是台湾媒体爆料称陶与其小17岁女模隐婚但是婚后婚姻并不幸福，陶在夜店偷腥被记者拍到。","09/20/2012 15:54:30"
"MkGa","北航教授:掌掴老人掴不出我们的从容","【北航教授:掌掴老人掴不出我们的从容】 在北京9.18抗日游行日，一位老人当场反对“毛主席我们想念您”这个条幅，他旗帜鲜明地表示，将这种爱国愿望寄托在过去的领袖身上是错误的，也是不现实的。因此，与旁边的一位年轻人发生了言语冲突，后者认为其在侮辱毛主席，并掌掴了老人。不久，网友指认掌掴者是北航教授韩德强，他迅速作出回复，承认那就是本人，又强硬地表达了暴力爱国的立场。","09/20/2012 16:34:14"
"gOJY","六年级小学生王乐乐情书网络爆红:没捡到心形石送给你","【六年级小学生王乐乐情书网络爆红:没捡到心形石送给你】 王乐乐的这封情书写给一个叫“菜菜”的女生。情书中提到5.12地震时，王乐乐曾拉着菜菜逃出了地震现场。但两小无猜的两人如今却不得不面对分离，菜菜要跟着全家迁往北京。伤感的王乐乐在情书中提到了当下最火的泡妞利器“石头心”，“你走了，我没什么好送给你，河边也捡不到一颗像心一样的石头。","09/20/2012 17:32:52"
"mpwB","杨怡罗仲谦被疑车震 微博发文忙否认","【杨怡罗仲谦被疑车震 微博发文忙否认】 2012-09-20 17:58:49　来源：合肥在线　 　查看评论　进入光明网BBS　手机看新闻据悉，杨怡出演《后宫》出名，在tvb也是兢兢业业的拍戏，很少有负面新闻传出。日前，杨怡与朋友聚会喝多了，男友罗仲谦前来接其回家，上车后的杨怡一直低着头，开车一段时间后，居然发现两人将车子停在旁边玩车震。","09/20/2012 18:42:49"
"zlxm","资料：五得利致癌物","【资料：五得利致癌物】 日前，全国同类产品销量第一的""五得利""面粉被发现涉嫌添加致癌物硼砂，被工商部门查封，其工厂也被勒令停工。据了解，人体如过多摄入硼砂会引发多脏器的蓄积性中毒。另有消息称，五得利已被工商、质监局允许暂时恢复生产。五得利产品硼元素检测合格报告今日，有媒体报道，由于被发现涉嫌添加致癌物硼砂，面粉生产企业五得利近日被工商部门查封了问题产品，其位于河北邯郸深州和保定雄县的工厂也被勒令停工。","09/20/2012 20:34:11"
"wgMx","飞机颠簸时抱紧空姐 既能救人一命又能爽歪歪何乐而不为","【飞机颠簸时抱紧空姐 既能救人一命又能爽歪歪何乐而不为】 股城网讯：飞机颠簸时抱紧空姐，这究竟是乘客的福利还是航空公司的规定呢？国航对飞机颠簸时抱紧空姐传闻作出回应，称培训手册并没有这样的规定，但是在特殊情况下，需要旅客“抱紧空姐”以救空姐一命。飞机颠簸时抱紧空姐，既能救人一命又能爽歪歪，何乐而不为呢。","09/21/2012 11:23:01"
"eHLY","[今日看地方]广州公安局副局长何靖""双规""武汉城管执...","【[今日看地方]广州公安局副局长何靖""双规""武汉城管执...】 通报称，2003年至2012年，何靖在担任广州白云区公安分局局长、广州市公安局副局长等职务期间，涉嫌利用职务便利，收受他人巨额贿赂，同时还涉嫌长期与多名女子保持不正当男女关系，及巨额财产来源不明等，目前已被“双规”。[详细]__陕西拒晒杨达才工资 回顾“微笑局长”到“表哥”始末从延安一张交通事故现场照片陷入“微笑门”，到被“神通广大”的网友挖出拥有五块高级手表，随后又被大学生要求公开工资，杨达才事件到底是如何发酵的，媒体又是如何评价此事的。","09/21/2012 11:32:56"
"FTRB","杨坤丁丁地下情疑曝光 网友：32狼可以...","【杨坤丁丁地下情疑曝光 网友：32狼可以...】 [导读]自《中国好声音》节目大火以来，导师杨坤和学员丁丁之间的各种新闻不断。刚刚出版的某周刊更直接将两人“地下情曝光”刊登在封面，让人瞠目结舌。杨坤(微博)(微信号：yangkunmusic)丁丁(微博)地下情疑似曝光自《中国好声音》(微博)节目大火以来，导师杨坤和学员丁丁之间的各种新闻不断。","09/21/2012 14:33:00"
"lVLj","东方卫视声动亚洲落幕 茜拉翻唱《征服》夺冠","【东方卫视声动亚洲落幕 茜拉翻唱《征服》夺冠】 常石磊、郭一凡、霍尊、梁一贞、孙伯纶组成的中国军团和来自马来西亚的茜拉、刘婉滢、泰国的Ten、韩国的Whee和印度的Priyanka&Bhavin等亚洲各国新星，上演最后的实力对决。最终，马来西亚的选手茜拉凭借独特的个人魅力以及极强的综合实力夺冠。","09/21/2012 14:33:04"
"uTFq","[社会]西安重伤日系车车主嫌犯照片公布 打砸团伙现身","【[社会]西安重伤日系车车主嫌犯照片公布 打砸团伙现身(组...】 2012年9月21日《9点资讯》热点：今日秋分为116年来最早；中国公布钓鱼岛海域部分地理实体名称及位置示意图；中国将发射8颗海洋卫星监测钓鱼岛等海域打造立体监测网；西安重伤日系车车主嫌犯照片公布 打砸团伙现身……详细报道，请看今天的湖北网台《9点资讯》为您精心整理报道！","09/22/2012 10:35:39"
"UYes","日本新兴右翼保守组织拟举行反华游行","【日本新兴右翼保守组织拟举行反华游行】 [财讯网]日媒称，日本新兴右翼保守组织“奋起日本全国行动委员会”将于今日在东京组织数千人的反华示威大游行，并将前往中国驻日本大使馆前举行抗议活动。[财讯网]日媒称，日本新兴右翼保守组织“奋起日本全国行动委员会”将于今日在东京组织数千人的反华示威大游行，并将前往中国驻日本大使馆前举行抗议活动。","09/22/2012 11:04:09"
"UXQP","小儿子曾国猷小登科 曾志伟包办酒席豪送钻石","【小儿子曾国猷小登科 曾志伟包办酒席豪送钻石】 2012年9月22日香港讯 9月21日是香港主持一哥曾志伟小儿子曾国猷大婚之喜，终于有孩子小登科，作为爸爸的志伟哥当然全程笑不拢嘴。除曾国祥、曾宝仪等亲人外，一众明星红人包括成龙、张学友、谭咏麟、畲诗曼、苗侨伟、陈百祥、洪天明周家蔚伉俪、黎瑞恩、吴君如、阮兆祥、金刚、鲁芬、钟珍等也到场祝贺。","09/22/2012 11:22:08"
"ZzLY","月饼和奖金“弱爆了”网友晒中秋福利：发iphone还房贷","【月饼和奖金“弱爆了”网友晒中秋福利：发iphone还房贷】 近日众网友纷纷“晒单”，“最牛”福利有代还房贷、恋爱基金、iphone4s等，从企业类型来看，部分国企、银行、业绩很好的小公司中秋福利更为丰厚。但除了这些令人艳羡的丰厚福利之外，也有不少网友收到令人哭笑不得的中秋福利。网友晒出的“最弱”福利有员工自制月饼、玩具狗、书籍、红肠等。","09/23/2012 10:54:32"
"vqlQ","郑武高铁开通西安增开往广州高铁 最低票价816元","【郑武高铁开通西安增开往广州高铁 最低票价816元】 9月22日，铁道部表示，郑武高铁开通后，郑西高铁与郑武、武广高铁全线贯通。西安将增开去往武汉、广州、长沙、深圳方向的时速300公里的7对高铁跨线列车。同时，铁道部也公布了高铁跨线列车的票价。西安北到深圳北的票价最低为891元，西安北到广州南全程票价最低816元。","09/23/2012 10:54:38"
"YhaM","日本数十警察登上钓鱼岛 中方强烈抗议","【日本数十警察登上钓鱼岛 中方强烈抗议】 21日晚，多名日方人员以防止台湾“保钓”人员登岛为名登上了钓鱼岛。这是对中国领土主权的严重侵犯，中国政府已向日方提出严正交涉和强烈抗议。日方必须立即停止一切损害中国领土主权的行为。中方将继续采取措施坚决捍卫钓鱼岛领土主权。日舰夹击台湾保钓船当地时间9月21日晚，日本海上保安厅的部分保安官和冲绳县警察本部的数十名警察登上钓鱼岛，准备对付有可能登陆该岛的一艘台湾保钓船。","09/23/2012 10:54:49"
"gtcE","烟花染料造出致癌辣椒 揭秘致癌和抗癌食物榜单","【烟花染料造出致癌辣椒 揭秘致癌和抗癌食物榜单】 2012-09-23 09:41:06　来源：光明网卫生频道综合　 　查看评论　进入光明网BBS　手机看新闻食品中非法添加的有害人体健康的物质固然可怕，但更可怕的是日常生活中你所忽略以及不甚了解的不健康生活饮食习惯，下面就请医学专业人士为您揭秘日常容易接触到的八大致癌食物以及公认的十大抗癌食物，快来看看吧！","09/23/2012 10:54:56"
"Gvgb","房企抵制日货 房地产开发企业理性保卫钓鱼岛","【房企抵制日货 房地产开发企业理性保卫钓鱼岛】 近日，保卫钓鱼岛“爱国风”在房地产开发企业中蔓延开来。不少房企带头抵制日货，而对于有楼盘拒绝开日本车的客户看房，则网友们只能劝开发商要更加“理智”了。","09/23/2012 13:23:19"
"OyzL","香港人高呼“中国人滚回中国” 打起港英米字旗","【香港人高呼“中国人滚回中国” 打起港英米字旗】 对于最近香港出现的有人喊“中国人滚回中国去”、打港英米字旗的事情，全国政协港澳台侨委员会副主任陈佐洱表示“深感痛心”。1 2 下一页 尾页免费留学咨询表 (中国教育在线特聘留学监理网专家为您：推荐留学中介、审核留学方案、提供权威资料等)此咨询表只用于中国教育在线指定的留学监理网专家老师联系您。","09/23/2012 13:23:50"
"uOkP","比基尼京剧 文化再创新?","【比基尼京剧 文化再创新?】 第37届国际比基尼小姐大赛上，代代相传的国粹京剧保留着古老文明古国浓郁的文化气息，比基尼女郎让你一睹京剧元素的时尚风情，性感妖媚的比基尼，千年流传下来的国粹，是否会碰撞出另一种时尚潮流，性感模特完美的亮相展示着带有京剧元素比基尼，惊艳了整个舞台。","09/23/2012 13:32:23"
"DNsQ","辽宁警察枪杀拒拆迁村民续：或因违法强拆引发","【辽宁警察枪杀拒拆迁村民续：或因违法强拆引发】 据悉，拆迁涉及42户，40户已达成协议;包括死者在内2户未达成协议。拆迁现场民警开枪21日，盘锦市兴隆台区发生一起占地纠纷。当地村民称，村民王树杰与家人阻挠前来铲平庄稼地的拆迁人员，与现场一民警发生激烈冲突。盘锦当地调查组通报称，民警在生命受到威胁之后开枪，王树杰当场死亡。","09/24/2012 10:24:05"
"rTzq","王立军获刑15年不上诉看昔日英雄如何堕落成罪犯","【王立军获刑15年不上诉看昔日英雄如何堕落成罪犯】 王立军获刑15年不上诉看昔日英雄如何堕落成罪犯 “打黑英雄”王立军获刑15年，被告人王立军当庭表示不上诉，近日法院对原重庆市原副市长、公安局原局长王立军徇私枉法、叛逃、滥用职权、受贿案作出一审宣判。王立军获刑15年其曾任辽宁省铁岭市公安局局长、党组书记，锦州市公安局局长、党委书记，锦州市副市长，重庆市公安局副局长，重庆市市公安局局长，重庆市副市长等职。","09/24/2012 14:14:23"
"fhJw","台湾渔船保钓 台湾60艘渔船将出海保钓","【台湾75艘渔船将在宜兰出港保钓 不排除登岛】台湾宜兰县渔民发起“为生存、护渔权”活动，今日至少有75艘渔船会出港，抗议日本将钓鱼岛“国有化”、渔权被剥夺。渔船预计明晨5时在钓鱼岛西南方外海约20浬集结，之后以5艘渔船为一组，以顺时针方向绕行钓鱼岛，期间不排除登岛。 http://t.cn/zl2phMT","09/24/2012 14:15:33"
"QKmN","中国航母入役刺激军工股 日三菱重工大涨","【中国航母入役刺激军工股 日三菱重工大涨】 9月23日下午4时许，中国第一艘航母平台16号舰在大连举行交船仪式，16号舰与相邻停泊的88号舰全部挂满旗。下午4时40分，16号舰舰桥桅杆升起五星红旗，舰首升起八一军旗，舰尾升起海军旗，5时20分，交船仪式完成。中国航母入役刺激军工股 日三菱重工大涨中国第一艘航母正式入役，有着特殊意义，我国和日本有关钓鱼岛的争议不断升级，这艘航母为解决中日争端提供了很大的作用，意义非凡。","09/24/2012 18:42:47"
"bipL","媒体称纪委查出微笑局长存款及现金超1600万","【媒体称纪委查出微笑局长存款及现金超1600万】 另外据消息透露，刚刚被撤职的陕西安监局长杨达才确已被双规;查出名表至少83块，需进一步认定;双规期间，纪委在杨达才个人账户发现存款超过900万元，在杨家中和私人场所发现现金至少700万元。这是“打折”后的保守统计。昨晚陕西省纪委表示:没听说杨达才被查出83块表的消息，目前调查仍在继续，出于保密，不便透露更多细节。","09/25/2012 11:22:47"
"jfht","快讯:日本高官来华磋商 日经微涨0.29%","【快讯:日本高官来华磋商 日经微涨0.29%】 和讯股票消息 日本高官来华磋商，日经早盘低开后，一路小幅上扬，截止发稿，日经225指数涨0.29%报9095点。相关报道：中国外交部表示，应日方要求，中方同意日本高官日本常务副外长河相周夫于9月24日至25日来华磋商当前中日关系问题。河相周夫24日傍晚抵达北京。","09/25/2012 12:23:22"
"gbOj","台湾巡逻艇对峙日舰 ","【台湾渔船抵达钓鱼岛外海 台巡逻艇与日舰对峙】台湾宜兰75艘渔船今日凌晨5时抵钓鱼岛外海约18海里处，遭日本保安厅10多艘巡逻艇以扩音器与字灯劝离，台湾海巡部门巡逻艇也向日本呼吁“不要干扰台湾渔民作业”。台海巡部门巡逻艇曾一度与日巡逻艇对峙，让台渔船可以向钓鱼岛前进。http://t.cn/zlL4rTV","09/25/2012 14:42:48"
"DtXS","广东乳源警方称“黑社会砍死警察”纯属谣传","【广东乳源警方称“黑社会砍死警察”纯属谣传】 9月24日下午，羊城网、扬成网发出《奇迹：警察拉横幅抗议黑社会》、《韶关乳源一派出所门口 干警拉横幅控诉黑社会砍死警察》等帖子，声称黑社会砍死警察，警方拉横幅抗诉。这与事实不符，纯属谣传。据了解，这与乳源瑶族自治县公安局破获的一起因合同纠纷而引发的故意伤害案件有关。","09/25/2012 15:44:36"
"bKLm","中国第一艘航空母舰舰长为张峥 政委为梅文","【中国第一艘航空母舰舰长为张峥 政委为梅文】 2012年9月25日我国第一艘航空母舰正式交付海军中国第一艘航空母舰""辽宁舰""舰长张峥(左)，政治委员梅文(右)，他们都是从基层岗位成长起来的优秀军官，有着丰富的舰艇工作经历(9月24日摄)。 9月25日，我国第一艘航空母舰""辽宁舰""已按计划完成建造和试验试航工作，在中国船舶重工集团公司大连造船厂正式交付海军。","09/25/2012 17:42:48"
"jAFN","浙江磐安干部任前公示 85后美女官员年...","【浙江磐安干部任前公示 85后美女官员年...】 公示干部中，一位叫应雨霖的女干部特别引人注目，资料显示，应雨霖，现任仁川镇团委书记，拟任团县委副书记。女，汉族，1985年11月生，浙江磐安人，2007年4月加入中国共产党，2007年11月参加工作，大学学历。财产申报情况：无车无房，年收入58490元。","09/26/2012 10:04:43"
"JgUC","2012全国十大丑陋雕塑出炉 郑州流氓猪登榜首","【2012全国十大丑陋雕塑出炉 郑州流氓猪登榜首】 近日搜狐文化、搜狐艺术频道发起此次评选，从城市文化、视觉审美、公共空间角度出发，评出“2012全国十大丑陋雕塑”。#### 网友评论 已有_1_位网友发表看法， 我要评论 折起2012-9-26 10:02 孤独风尘 _通过_ 万家热线发表郑州的流氓猪太雷人了，丑陋不堪！","09/26/2012 10:24:23"
"udiP","老人将儿子尸体藏入冰柜保存6年[高清","【老人将儿子尸体藏入冰柜保存6年[高清】 2006年，重庆开县丰乐街道黄陵村的田学明的儿子因白血病去世，田学明将儿子的尸体藏入冰柜，一放就是6年，每当想念时，田学明夫妻总会搀扶着，安静地站在冰柜旁，呆呆地看上一会，然后离开。田学明说，儿子“在冰柜里，跟活着时一模一样，我儿子就在我身边，从来没离开过。","09/26/2012 14:04:12"
"dADw","戴相龙称未来或63岁退休 各国退休年龄及制度大PK","【戴相龙称未来或63岁退休】 现在60岁退休了，将来可能63岁退休。”此前，就曾有媒体报道称，人社部正在将延时退休纳入政府议事日程，退休年龄或将推迟为65岁。此报道一出引发社会广泛争议。而纵观当今世界，不少国家规定了几个退休条件，只要符合一个条件就可以退休，法定退休年龄只是名义上的。","09/26/2012 16:32:49"
"XUae","最新消息:安倍晋三再放言称“钓鱼岛不存在领土主权问题 ...","【最新消息:安倍晋三再放言称“钓鱼岛不存在领土主权问题 ...】 钓鱼岛屿最新消息：26日新当选日本自民党总裁的安倍晋三在记者会上说：""钓鱼岛不存在领土主权问题，这是自民党的方针，将表示强烈守护日本领土的观点""。但安倍同时强调：""日本经济通过向中国出口获得很大的利益。中国也通过利用来自日本的投资实现了成长。","09/26/2012 17:33:19"
"byEC","中石化停产整顿 中石化回应环保问题：责成下属三企业停产整顿","【中石化下属三企业环境违法被责成停产整顿】据央视昨日报道，国家环保部督察组日前对中石化下属的三家企业检查时发现，三家企业存在重大的环境风险，并且有的是严重违法行为。","09/27/2012 10:34:21"
"MTXI","武汉江岸道路每夜洗5遍 官员称要像狗...","【武汉江岸道路每夜洗5遍 官员称要像狗...】 昨悉，在武汉各区洗路大排名中，江岸城管因将城市道路清洗得最为干净，不仅在8月份的大城管排名中得到加分，还获奖一台价值几十万元的冲洗车。23日晚10点多钟，江岸区后湖大道上，三台冲洗车辆正在有条不紊地对路面进行冲洗。由于周边工地密集，后湖大道曾为市民嘲讽为武汉市的“光灰大道”。","09/27/2012 10:35:09"
"ruSm","广东环境监察局长拍桌子 怒斥中石化要挟地方政府","【广东环境监察局长拍桌子 怒斥中石化要挟地方政府】 ■环境安全百日大检查督察组日前对中石化下属的三家企业（湛江东兴公司、湛江新中美公司和广州分公司）检查时发现，中石化的炼油企业成了环境违法行为或安全隐患的■这三家中石化企业所在的广东省发生的突发环境事件为9起，包括重大环境事件一起，数量位居全国第一。","09/27/2012 14:55:47"
"ZclT","证监会新闻发布会：出台信息安全保障管理办法","【证监会新闻发布会：出台信息安全保障管理办法】 证监会三部门新闻发布会召开，此次会议主要内容涉及公司内控，上市公司内部治理等问题。中证网讯 证监会有关部门负责人27日表示，《证券期货业信息安全保障管理办法》首次强调了对软硬件产品及服务采购活动的管理，要求行业机构应该加强对供应商的评估和管理，签订合同和保密协议时要明确双方的权利和义务。","09/27/2012 18:42:46"
"azDO","钓鱼岛争端发酵 夏普从交易所退市只是...","【钓鱼岛争端发酵 夏普从交易所退市只是...】 据日本消息，夏普今日将向日本三家交易所提交退市申请，一旦通过，夏普退市指日可待。由此可见，中日钓鱼岛争端持续发酵下去引发的问题才刚刚开始。9月23日中国中断对日出口稀土由于中日钓鱼岛争端持续发酵，让本就被美股下跌波及的日本股市雪上加霜，成为重灾区。","09/27/2012 18:42:54"
"oTXZ","河南沁阳一中在建书馆浇筑时坍塌11...","【河南沁阳一中在建书馆浇筑时坍塌11...】 昨日下午2时50分，百年名校----焦作市沁阳第一中学新校区在建的图书大厦工地发生坍塌事故，造成11名工人不同程度受伤。当地将对此启动问责程序。大楼因中部坍塌呈现“凹”字昨晚7时35分，记者赶到位于沁阳市怀府西路事发现场时，沁阳一中的南大门已被当地有关部门人员封闭，禁止进入，但校园内正对南门的一座在建大楼中部坍塌的景象清晰可见。","09/28/2012 10:15:08"
"XNVr","医药抵制日货约30家中国医院退还已购日本药品","【医药抵制日货约30家中国医院退还已购日本药品】 医药抵制日货约30家中国医院退还已购日本药品 受钓鱼岛事件的影响，继曝出医药抵制日货后，日本媒体称30家中国医院退还已购日本药品。据报道，中国抵制日货的运动不断深化扩大，从医药抵制日货退还已购日本药品、工程建筑抵制日货及其他一些领域，这进一步表明中国正就东海领土争议向日本施加更大经济压力。","09/28/2012 12:38:16"
"eoHh","何洁《请不要对我说Sorry》首播 冒大雨拍宣传照","【何洁《请不要对我说Sorry》首播 冒大雨拍宣传照】 蒙牛“换新装” “革面”更要“洗心” 颐和园卖昆明湖大闸蟹 光明致优牛奶加热呈豆腐花状 知味粉馆厨房卫生堪忧 被毁容王老吉员工起诉加多宝DIY个性月饼 中秋正流行 雅培金装喜康宝疑致幼婴腹泻高烧 快餐族3饮食原则 中冠食品月饼生产日期""穿越"" 月饼券遭黄牛疯狂倒卖[汽车] “非常”车展 阵痛下的国际车企该如何...[汽车] 纯电动破局前夜 混合动力抢搭政策末班车","09/28/2012 13:43:33"
"BaYc","尼泊尔坠机19人遇难 5名遇难中国人(名单)","【尼泊尔坠机19人遇难 5名遇难中国人(名单)】 28日尼泊尔坠机19人遇难 5名遇难中国人 尼泊尔坠机事故:4中国公民1美籍华人遇难 当地时间28日,一架小型客机从尼泊尔首都机场起飞后不久坠毁,19人遇难,其中有5名中国人.中国驻尼泊尔大使馆领事部主任曹传旭向网络新闻联播记者表示,根据目前得到的消息,5位遇难中国人...","09/29/2012 08:43:32"
"AnrQ","丰田董事长临时取消访华 股价暴跌","【丰田董事长临时取消访华 股价暴跌】 来源：和讯股票T|T慧聪表面处理网：受钓鱼岛事件影响，日系车企相继宣布减产，丰田董事长昨临行前取消访华，日本经济雪上加霜，日经开盘后一路下滑，截止收盘，日经225指数跌0.89%报8870点。日本共同社27日报道称，以日中经济协会会长身份访华的丰田汽车董事长张富士夫的专机因未能按时起飞，取消了当天前往中国访问的计划。","09/29/2012 10:44:39"
"XSuy","深圳一派出所双节放假17天","【深圳一派出所双节放假17天】 今年中秋、国庆假期原本加起来只有8天，但深圳龙华新区公安分局福民派出所大门口竟然贴出了长达17天假期的通告，提醒市民个别业务要顺延至10月中旬才能办理，如此“带薪休假”招来市民的一片批评声。前天，记者赶到福民派出所，在门口外墙上贴有一则《通告》——“由于国庆假期（9月26日至10月12日）放假，我所暂停办理车辆放行事宜。","09/29/2012 10:55:09"
"kfOp","女教师捐款遭民政人员羞辱续:代州长要求道歉","【女教师捐款遭民政人员羞辱续:代州长要求道歉】 21日，一则有关“大理州鹤庆县两名教师赴县民政局捐款遭侮辱”的网帖引发热议。大理州代州长何华昨日发布微博表态，情况属实，当严肃批评教育，责其深刻检查，并向当事教师诚恳道歉。鹤庆县政府信息公开门户网站昨日回应，县纪委、县监察局已介入调查，并对县民政局财务人员王勤政纪立案。","09/29/2012 10:55:15"
"UDfQ","福建长乐海域发生3.3级地震 福州多县市有震感","【福建长乐海域发生3.3级地震 福州多县市有震感】 中新网福州9月29日电 (龙敏)据中国地震台网测定：2012年9月29日0时23分6秒，在福建省福州市长乐市附近海域(东经119.9度、北纬26度)发生3.3级地震，震源深度8千米。由于此次地震中心距离福建省省会福州城区以及长乐市较近，福建福州多县市居民感觉到了震感。","09/29/2012 13:32:58"
"SAGT","高速公路免费或致严重拥堵 路桥上市公司拟索补贴","【高速公路免费或致严重拥堵 路桥上市公司拟索补贴】 随着中秋国庆两节临近，受到公众广泛关注的高速公路首次假期免费正式进入最后部署倒计时，各省长假期间高速路免费细则也相继推出。值得注意的是，各地细则纷纷着眼的要点之一，是如何确保高速公路上不出现严重拥堵，或者出现拥堵之后如何疏散。据首发集团预测，“十一”黄金周北京市京藏高速、京承高速、京港澳高速、京开高速和机场高速等五条高速交通压力较大，预计严重拥堵。","09/29/2012 14:24:05"
"LmaO","(国际)中国常驻联合国代表李保东在联大发言","【(国际)中国常驻联合国代表李保东在联大发言】 9月27日，在美国纽约联合国总部，中国常驻联合国代表李保东在第67届联大一般性辩论答辩环节发言，驳斥日本政府有关中国钓鱼岛的言论。 当日，在美国纽约联合国大会厅，中国常驻联合国代表李保东大使用无可争辩的历史事实和法理依据，义正词严地驳斥了日本代表儿玉和夫关于钓鱼岛的谬论，重申了中国的严正立场。","09/29/2012 14:32:58"
"oNVd","外媒强烈关注薄熙来被开除党籍、公职处分","【外媒强烈关注薄熙来被开除党籍、公职处分】 【环球时报综合报道】""薄熙来被双开并移交司法机关""成为外媒28日最关注的新闻之一。据中国官方媒体28日报道，中共中央政治局会议已经审议并且通过中共中央纪律检查委员会《关于薄熙来严重违纪案的审查报告》，决定给予薄熙来开除党籍、开除公职处分，对其涉嫌犯罪问题及犯罪问题线索移送司法机关依法处理。","09/29/2012 14:33:10"
"trbY","多亮柔情感动刘欢 杨坤刮目相看张玮A change is gonna  ...","【多亮柔情感动刘欢 杨坤刮目相看张玮A change is gonna  ...】 昨晚第十二期的《中国好声音》可谓精彩不断，多亮、张玮虽无缘最后一个梦想席位，但是他们的表现仍得到导师们的认肯。其中，惜败而归的多亮柔情似水《IBelieve》感动刘欢老师，而张玮《A change is gonna come》令杨坤老师对其刮目相看。","09/29/2012 15:34:42"
"sBLN","安徽明光男子在南京派出所醒酒20多小时后死亡","【安徽明光男子在南京派出所醒酒20多小时后死亡】 王以龙的妻子戴丽(化名)称，丈夫死前曾在南京一派出所里“醒酒”长达20多个小时，致使他耽搁了最佳治疗时间。>>>事发戴丽告诉记者，王以龙今年34岁，他们两口子都是明光市人，丈夫生前在南京一家公司里打工。25日下午1点多，戴丽突然接到丈夫电话称，身体不舒服，手机也没带，想回家拿。","09/29/2012 16:53:03"
"Fixl","央视走访你幸福吗 我姓曾神回复走红","【央视走访你幸福吗 我姓曾神回复走红】 www.zjol.com.cn　2012年09月30日 07:33:56 　浙江在线新闻网站浙江在线9月30日讯 ""你幸福吗？""""我姓曾。""这段神奇的对话出现在今日中午央视播出的《走基层百姓心声》特别调查节目中。这名务工人员看似文不对题，却令人遐想连篇的回答在网络火速走红，被网友们封为2012又一""神一样的回复""。","09/30/2012 10:44:44"
"Yipv","辽宁阜新发生车祸致8人死亡5人重伤","【辽宁阜新发生车祸致8人死亡5人重伤】 新华网沈阳9月29日电 (记者 陈梦阳)9月29日12时30分许，在省道S204公路46公里处(阜蒙县伊吗图镇周家店村路段)，一辆由西向东行驶的集装箱大货车与一辆迎面驶来的客车相撞。据阜新市政府提供的数字，两车上共有23人，其中8人当场死亡，5人重伤，10人轻伤。","09/30/2012 10:44:57"
"TWwQ","9岁女生称遭校长强奸 警方称条件不足尚未立案","【9岁女生称遭校长强奸 警方称条件不足尚未立案】 9月19日，南阜完小校长王加生在百度平邑吧发布了公告声明，证明自己在5月30日不在学校。近日，一则名为《传平邑铜石南阜完小9岁女生遭校长强奸》的视频在搜狐、天涯、腾讯等多个商业网站发布，这则由拍客拍摄的视频称，临沂市平邑县铜石镇南阜完小学三年级的9岁女生丽丽(化名)多次在学校被正副校长喂“糖丸”后强奸，最严重时导致丽丽当场昏迷不醒。","09/30/2012 11:03:07"
"Twty","国学大师南怀瑾去世 市民自发前往纪念馆悼念","【国学大师南怀瑾去世 市民自发前往纪念馆悼念】 浙江在线杭州9月30日讯(记者 王黎婧)著名国学大师南怀瑾先生于9月29日在苏州太湖大学堂去世，享年95岁。今天上午，乐清市委宣传部、乐清市人民政府新闻办公室的官方微博发布了此消息。南怀瑾先生，一九一八年出生，温州乐清南宅殿后村人。在听闻南怀瑾先生去世的消息之后，乐清不少市民自发前往南怀瑾先生纪念馆拉起横幅，悼念南怀瑾先生，悼念横幅上面写着“家乡人民怀念南怀瑾先生”。","09/30/2012 15:54:39"
"cnjH","梁博在巅峰对决中选曲《我爱你中国》 赢得冠军","【梁博在巅峰对决中选曲《我爱你中国》 赢得冠军】 梁博在巅峰对决中选曲《我爱你中国》，立意深刻，同样稳定，导师那英更是站上了导师椅，与之一起合唱。结果即将揭晓时，汪峰来了一段插曲，演唱了歌曲《光明》。之后，""淡定帝""VS""破坏姐""的终极对决结果终于姗姗揭开，最终吴莫愁与梁博的媒体投票分别为36:63，两人的最终综合投票为43:57，那英组的梁博在现场最终的观众支持和媒体投票中获胜，摘得《中国好声音》桂冠，并获""年度中国好声音""殊荣。","10/01/2012 10:04:56"
"ZeQD","李稻葵:高速免费等于动员大家上路堵车","【李稻葵:高速免费等于动员大家上路堵车】 宁连高速南京往淮安方向距离天长约一公里处，接连发生八起车祸，造成车辆严重拥堵，对于这次高速大堵车，经济学家李稻葵表示，价格是社会协调机制，高速免费等于动员大家“123”一起上路堵车。今日中国，有车族不是最低收入层。真为了民生，为何不宣布长假高速涨价50%，所有增加收费分给100个贫困县，扶贫办学呢？","10/01/2012 10:05:15"
"Iqmg","亚当・兰伯特上海会粉丝 将与好声音张玮合唱","【亚当・兰伯特上海会粉丝 将与好声音张玮合唱】 9月29日，欧美摇滚巨星亚当兰伯特（Adam Lambert）亮相上海，参加粉丝见面会。现场，粉丝格外热情，送给亚当兰伯特包括领带、中国字画等精心准备的小礼物。亚当透露，30日他将参加《中国好声音》“梦想巅峰之夜”，届时将与人气学员张玮合唱。","10/01/2012 10:47:15"
"naDI","好声音四强落幕 梁博完美发挥成年度好声音","【好声音四强落幕 梁博完美发挥成年度好声音】 www.guangyuanol.cn  2012-10-01 09:45  川北在线-川北城市综合门户川北在线核心提示：梁博 9月30日19时30分，第一季中国好声音梦想巅峰之夜在上海八万人体育场震撼上演。四大导师那英、刘欢、杨坤、庾澄庆的四位得意弟子梁博、吉克隽逸、金志文与吴莫愁使出浑身解数，只为年度好声音。","10/01/2012 11:23:48"
"inwx","周笔畅助阵《中国好声音》与多亮献唱《小情歌》 粉丝互 ...","【周笔畅助阵《中国好声音》与多亮献唱《小情歌》 粉丝互 ...】 周笔畅与多亮带来了一首《小情歌》，多亮作为主声音，而周笔畅则以和音为主，或许是不够默契，因此两人在合作上出现了些小失误。对此两人的粉丝互揭对方的短。多亮的粉丝表示：""这就是好声音与选秀选手的区别""并指责周笔畅和音跑调。而周笔畅的粉丝则表示多亮只顾自己唱，完全没意识这是合唱。","10/01/2012 12:33:14"
"kxOv","中国好声音巅峰之夜 张赫宣和黄大炜演唱《你把我灌醉》","【中国好声音巅峰之夜 张赫宣和黄大炜演唱《你把我灌醉》】 收藏 | 时长:301秒 | 播放:次   9月30日,中国好声音巅峰之夜在上海八万人体育场举行。张赫宣和黄大炜演唱《你把我灌醉》。","10/01/2012 13:33:06"
"aSzJ","中国神经外科事业的开拓者王忠诚院士昨在京逝世","【中国神经外科事业的开拓者王忠诚院士昨在京逝世】 ▲王忠诚（左）生前工作照，图为他在指导学生。　　新华社发昨天16时08分，中国神经外科事业的开拓者王忠诚院士，因病医治无效，在北京医院逝世，享年87岁。□女儿追忆王忠诚作为中国神经外科的开拓者，获得国家最高科技奖时，他已因积劳成疾，被查出身患癌症。","10/01/2012 17:03:05"
"ZdWI","张靓颖助阵权振东献唱""好声音""携美偶巨星颁奖","【张靓颖助阵权振东献唱""好声音""携美偶巨星颁奖】 网易娱乐10月1日报道9月30日晚，《中国好声音》在上海8万人体育场上演音乐梦想巅峰之夜，张靓颖倾情助阵，除了与人气学员激情对唱，更与来自《美国偶像》的巨星亚当兰伯特(AdamLambert)共同颁奖。张靓颖以白西装上衣搭黑纱长裙亮相，时尚优雅而又飘逸动人。","10/01/2012 17:43:20"
"Dbuz","京津唐高速追尾事故12名伤者为德国人","【京津唐高速追尾事故12名伤者为德国人】 在武清区人民医院，记者看到天津市和武清区的医护人员正在紧急救治今晨在京津塘高速公路追尾事故中受伤的中德伤员。据武清区人民医院外科主任医师、院长助理谭明介绍，今天上午9点10分医院接到120指挥中心电话，有十余名车祸伤员正在前往医院的路上。武清人民医院立即启动应急预案，院长、副院长指挥抢救，召集各科室50余名医务人员急诊待命，开辟伤员救治绿色通道。","10/02/2012 10:34:49"
"tqDZ","神农架现不明飞行物轨迹 气象专家无法解释","【神农架现不明飞行物轨迹 气象专家无法...】 中新网神农架10月1日电(郭晓莹)10月1日，一位摄影爱好者在神农架拍摄美丽秋色时，意外拍到一组不明飞行物的轨迹，当地气象专家尚未能作出确切解释。10月1日，神农架天空晴朗，一碧如洗，满山绽放的秋色赤橙黄绿无比艳丽。上午9时左右，摄影爱好者罗某独自一人在神农架神农营一带公路上的山坡草甸上拍摄秋色。","10/02/2012 10:54:56"
"KJsS","香港撞船事故出事渡船当时未超载","【香港撞船事故出事渡船当时未超载】 中广网北京10月2日消息 据中国之声《新闻纵横》报道，首先关注香港发生两船相撞事故的最新进展。昨天晚上8点半左右，香港南丫岛榕树湾附近海面发生两船相撞事故。一艘载有124人的渡轮与一艘拖船相撞后下沉，多人坠海。特区政府随即出动大批水警和消防人员现场搜救。","10/02/2012 10:55:14"
"YdTK","美国务院将宣布台湾为赴美免签地区","【美国务院将宣布台湾为赴美免签地区】 【环球网报道  记者 李宗泽】据台湾""中央社""10月2日消息，美国国务卿希拉里将于美东部时间2日上午10时45分，在国务院全球观光旅游会议中，正式宣布台湾为美国免签计划地区，台湾民众很快即可免签赴美。为提升美国经济和旅游业竞争力，希拉里将在国务院第3次全球观光旅游会议，与副国务卿奈兹以及白宫官员共同宣布，台湾将成为全球第37个获得美国免签待遇的地区。","10/02/2012 17:23:03"
"bxFe","美两艘航母出没东海南海 武力或是中国唯一选择","【美两艘航母出没东海南海 武力或是中国唯一选择】 据央视报道 美国海军两个航母战斗群和一个海军陆战队的特遣队，最近开始在西太平洋一带活动，离钓鱼岛并不远。而中日两国的巡逻船在这一带陷入越来越紧张的僵持局面。","10/02/2012 18:23:07"
"BLEG","节假日国人陋习集中现身 三亚海滩一夜现50吨垃圾","【节假日国人陋习集中现身 三亚海滩一夜现50吨垃圾】 据了解,国庆当天,天安门地区清洁工作采取机械化清扫为主、人工保洁为辅的作业方式,460余名环卫工人三班倒、24小时环卫作业。北京市环卫集团表示,天安门地区垃圾量增多,主要受双节重叠假期长、小型客车免收通行费等因素影响,进京游客量比往年增加较多。","10/03/2012 09:54:58"
"csRU","鹰爸严训4岁裸跑弟 15小时登上富士山","【鹰爸严训4岁裸跑弟 15小时登上富士山】  图片来源：扬子晚报“裸跑弟”赴日欲徒步“征服”富士山经扬子晚报报道后，随鹰爸何烈胜远赴日本登富士山的“裸跑弟”多多引起众多读者关注：他有没有安全登上富士山？此次日本之旅有没有出现变数？9月30日中秋节晚，悬着一颗心的记者终于接到鹰爸何烈胜发来的平安短信：“裸跑弟”多多已经成功登上富士山，在回程中虽然遇到一些波折，但已于10月1日顺利回到南京家中。","10/03/2012 10:45:34"
"CIPS","华山大批游客被滞留山顶 封堵入口要求退票","【华山大批游客被滞留山顶 封堵入口要求退票】 核心提示：10月2日，由于游客数量激增，超过华山缆车运送能力，造成大量游客一度滞留山顶。部分游客向华山景区管委会提出质疑，要求退票，并封堵华山景区的入口，造成接送游客下山的班车无法正常运行。10月2日，由于游客数量激增，超过华山缆车运送能力，造成大量游客一度滞留山顶。","10/03/2012 11:03:06"
"qUSp","比萨店让食客随心情付钱","【比萨店让食客随心情付钱】深圳一家披萨新店开张推出随喜就餐策略，让食客随心情付钱。面对免费餐，有人狂点24对鸡翅，消费500余元后抹嘴而去，有的点三四个比萨后留下6元。该公司老板陈先生表示现实和预期有些差距，“看来是对人性太乐观了”。","10/03/2012 11:03:13"
"lrBE","日本本州东海岸发生6.2级地震 震源深度9.7公里","【日本本州东海岸发生6.2级地震 震源深度9.7公里】 新华网快讯：据美国地质勘探局地震信息网消息，日本本州东海岸附近海域北京时间2日6时21分发生6.2级地震，震源深度9.7公里。","10/03/2012 12:34:46"
"NLEj","三一重工告奥巴马违宪","【三一重工告奥巴马】 据外电报道，一家与中国三一重工集团有关联的美国公司Ralls计划起诉总统奥巴马违宪，事由是Ralls被阻止在俄勒冈州美国海军一个试验基地附近修建风电场。Ralls认为奥巴马下达停建令违反宪法。而美国政府认为，风电场可能危及国家安全。","10/03/2012 20:23:12"
"OvKh","[景区看人海]十一长假各全国地景区全面拥堵","【[景区看人海]十一长假各全国地景区全面拥堵 旅客感叹人...】 记者获悉受诸多宜行因素影响，10月2日，四川九寨沟景区迎来最大客流高峰，接待游客47353人，同比增长21.1%，已超过景区最大承载能力。为此，九寨沟景区温馨提醒各位游客朋友合理安排时间，错峰出行，减缓景区接待压...[详细]记者获悉受诸多宜行因素影响，10月2日，四川九寨沟景区迎来最大客流高峰，接待游客47353人，同比增长21.1%，已超过景区最大承载能力。","10/03/2012 20:23:36"
"LgkS","神九航天员获航天功勋奖章","【神九航天员获航天功勋奖章】 据新华社电昨天，新华社授权发布了中共中央、国务院、中央军委关于给景海鹏颁发“二级航天功勋奖章”，授予刘旺、刘洋“英雄航天员”荣誉称号并颁发“三级航天功勋奖章”的决定。决定中指出，神舟九号载人飞船与天宫一号目标飞行器成功实行交会对接，对于增强我国综合国力、振奋民族精神，鼓舞和激励全国各族人民奋力夺取全面建成小康社会新胜利、不断开创中国特色社会主义事业新局面，具有重大而深远的意义。","10/04/2012 10:35:28"
"mpbf","大陆事业单位工作人员超生、包养情人等将受处分","【大陆事业单位工作人员超生、包养情人等将受处分】 新华网记者近日从人力资源社会保障部获悉，《事业单位工作人员处分暂行规定》已于日前公布并实施。这一暂行规定明确，事业单位工作人员违反职业道德将受到相应处分。暂行规定列举了6种需要进行处分的违反职业道德的行为，包括利用专业技术或者技能实施违法违纪行为；有抄袭、剽窃、侵吞他人学术成果，伪造、篡改数据文献，或者捏造事实等学术不端行为；利用职业身份进行利诱、威胁或者误导，损害他人合法权益；利用权威、地位或者掌控的资源，压制不同观点，限制学术自由，造成重大损失或者不良影响；在申报岗位、项目、荣誉等过程中弄虚作假；工作态度恶劣，造成不良社会影响。","10/04/2012 11:23:08"
"HbJk","央视采访""你幸福吗""再现神回复 队被人插了","【央视采访""你幸福吗""再现神回复 队被人插了】 央视街头采访“你幸福吗”再现神回复，在郑州就读大学生回答记者提问，称最坏的事是接受采访时，队被人插了。记者：问您一个问题吧，您幸福吗？","10/04/2012 11:23:32"
"fmGo","华山滞留夫妇要求退票被保安连捅数刀","【华山滞留夫妇要求退票被保安连捅数刀 近日因为国庆的超长假期，所以很多人都选择这时候旅游，7亿人的出行以致于疙瘩旅游景点人满为患，别说观光旅游了，行动都难，近日，因为华山的游客人数超过华山景点承受范围，所以华山的很多游客滞留在了华山，所以有人爆料称华山的一对夫妇因为滞留在华山不能旅游，所以要求退票，但是与保安发生争执，保安队要求退票的夫妇连捅数刀，这则爆料引起了广大民众的关注，","10/04/2012 11:23:40"
"DgMi","CNN 民调指67%受访者指罗姆尼首场电视辩论取胜","【CNN 民调指67%受访者指罗姆尼首场电视辩论取胜】 美国总统大选首场电视辩论今早举行,之後美国有线新闻网(CNN)进行的民意调查显示,有67%受访者认为,共和党总统候选人罗姆尼的表现,远较争取连任的奥巴马优胜;认为奥巴马表现较佳的只有25%。事实上,奥巴马今早在辩论中处於被动,眼神不集中,而且动作拘谨,不及罗姆尼般精神及有自信;不只美国民众,连不少政治评论员於辩论後都认为,罗姆尼今天比过去多了微笑,表现出乎意料地好。","10/04/2012 18:53:09"
"zyRT","交通部:今中午起小客车过高速不再发卡","【交通部:今中午起小客车过高速不再发卡】 今年中秋国庆的超长黄金周，由于高速推出免费通行的新政，吸引民众纷纷出行，导致了各地的高速都出现了异常拥堵。为此，交通部发出紧急通知，决定从今天中午12点开始，对符合免费通行的小客车不再发卡，而是直接抬杆放行，以避免出入收费口领卡、交卡，影响车行速度，进而造成拥堵。","10/04/2012 22:33:28"
"TkyQ","钓鱼岛最新消息:平可夫称若钓鱼岛开战中国空军战败","【钓鱼岛最新消息:平可夫称若钓鱼岛开战中国空军战败】 【环球网报道 记者 李宗泽】平可夫在最新一期出版的《汉和防务评论》中说，中国建造的空军基地""糟糕""，打起仗来肯定""战败""。平可夫在文章开头就指出，一支真正打过现代化战争的空军，从基地建设就可以看出其是否能够首战必胜。当今所有空军强国的空军基地建设经验都是来自吸取第三次中东战争的结果，即著名的以色列空军""7时45分攻击""(注：1967年6月5日早晨7时45分，以色列出动了几乎全部空军，对埃及、叙利亚和伊拉克的一切机场进行了闪电式的袭击。","10/04/2012 22:33:51"
"Buel","调查称2成小学生承认恋爱 11岁学生已恋爱3年","【调查称2成小学生承认恋爱 11岁学生已恋爱3年】 ”11岁的晓杰说，同班同学萌萌是他的女朋友，两人“谈恋爱”已有三年。晓杰回忆，第一次跟萌萌告白是二年级的时候，两人在学校操场上玩单杠。晓杰酝酿了很久，憋了足足半小时，才对萌萌羞涩地挤出一句：“我很……喜欢你……”瞬间，萌萌的脸红得像个苹果。晓杰凑过去，轻轻挨了下萌萌的脸，“当时我的心怦怦乱跳”，就这样两人确定了“恋爱关系”。","10/05/2012 11:13:21"
"RrPD","云南彝良山体滑坡:18名被埋学生全部遇难","【云南彝良山体滑坡:18名被埋学生全部遇难】 山体滑坡;复课;龙海乡;云南彝良  2012-10-05 10:56新华网云南彝良10月5日电(记者李怀岩)记者从云南省彝良县外宣办了解到,截至5日凌晨2时,彝良龙海乡山体滑坡已确认被埋的18名学生全部遇难,另有附近农户1人失踪、1人重伤,伤者已进入临时医疗点进行抢救。","10/05/2012 11:13:29"
"HCWf","大学女生穿汉服上课3年 按古时习俗行...","【大学女生穿汉服上课3年 按古时习俗行...】 这位“汉服女孩”名叫秦亚文，苏大艺术学院大四学生，从大一至今，秦亚文坚持每天穿着汉服上课。汉服对她而言是平日里的便服，是生活起居不可或缺的部分。实习生 于婷婷 扬子晚报记者 单成志古装剧里邂逅汉服，从此一见倾心回忆起幼年接触汉服的零星记忆，秦亚文羞涩地告诉记者，古装武侠电视剧是她结缘汉服的“媒婆”，当时年幼的她对汉服文化一无所知，但却打心眼里认同汉服的华美。","10/05/2012 13:33:10"
"uvfj","市民长假鹿场排队喝鹿血 称可延年益寿...","【市民长假鹿场排队喝鹿血 称可延年益寿...】 国庆长假，有人外出旅游，有人探亲访友，还有一些人到鹿场排队喝鹿血补身。昨天，记者在南京江宁一养鹿场，目击了锯鹿角喝鹿血的“血腥现场”，令人犯晕。不过专家提醒，市民秋季补身子要讲科学，不是所有人都能喝鹿血的。鹿场来了一群城里人要喝鹿血杨师傅是南京某大型企业的一位下岗工人，十几年前他与妻子变卖了所有的家产，来到了南京江宁横溪投资，办起了一个梅花鹿养殖场，经夫妻俩多年打拼，如今梅花鹿养殖场初具规模。","10/05/2012 14:34:01"
"mAtB","日政府拟任命木寺昌人出任新驻华大使","【日政府拟任命木寺昌人出任新驻华大使】 【字号：大 中 小】【打印】【关闭】 2012-10-05 19:46据日本媒体10月5日报道，日本政府计划起用现任官房副长官助理木寺昌人作为新一任驻华大使。分析认为，木寺昌人的主要任务将是着力改善中日之间因为钓鱼岛问题恶化的两国关系。日本共同社5日报道说，鉴于日本政府9月任命的新驻华大使西宫伸一尚未赴任就突然病逝，政府正在就起用内阁官房长官助理木寺昌人出任新驻华大使展开协调。","10/05/2012 20:22:49"
"ptwk","美国两航母钓鱼岛活动意欲何为?","【美国两航母钓鱼岛活动意欲何为?】 美国两航母钓鱼岛活动意欲何为？,。据央视报道 美国海军两个航母战斗群和一个海军陆战队的特遣队，最近开始在西太平洋一带活动，离钓鱼岛并不远。","10/05/2012 22:44:40"
"jBUg","日本防卫省称7艘中国军舰穿过冲绳驶向太平洋","【日本防卫省称7艘中国军舰穿过冲绳驶向...】 10月4日下午，7艘中国军舰通过冲绳本岛和宫古岛之间的公海驶向了太平洋。【环球网综合报道】日本共同社报道,日本防卫省4号发布消息称，当天傍晚中国海军的7艘舰只，通过冲绳县宫古岛附近海域驶向了太平洋。报道称，日方正分析中国军舰此举日媒称7艘中国军舰穿过冲绳海域驶向太平洋","10/06/2012 10:44:43"
"UWcO","景区天价炒面 一份要价165元","【景区天价炒面 一份要价165元】 #### 来源：今晚报  关键字：景区;天价炒面;连云港连岛;业主;黄金周  作者：  2012-10-05 11:53据新华社南京10月4日专电 正值旅游高峰的“十一”黄金周期间，网络上关于连云港景区“天价炒面”的相关报道引起广泛关注。连云港市宣传部门3日晚向记者通报，该事件实际发生在9月初，相关部门已对此事进行处理。","10/06/2012 10:44:55"
"IWcT","谢长廷回福建东山县祭祖并参访寡妇村","【谢长廷回福建东山县祭祖并参访寡妇村】 2012-10-6 07:24|发布者: 灰太狼2010|查看: 41|评论: 0|来自: 中安在线摘要: 10月4日，台湾维新基金会董事长谢长廷夫妇一行上午十时半左右从台北直航抵达厦门。谢长廷在东山县铜钵村谢氏宗祠祭祖。台湾维新基金会董事长谢长廷赴陆访问，今日下午回到祖籍漳州市东山县铜钵村，在众多宗亲、耆老 ...10月4日，台湾维新基金会董事长谢长廷夫妇一行上午十时半左右从台北直航抵达厦门。","10/06/2012 10:45:28"
"BPpk","好声音内定丑闻 东北好声音被揭不单纯","【好声音内定丑闻 东北好声音被揭不单纯】 有网友调侃道：“好声音冠军是梁博，因为他爸是梁茶(某品牌凉茶是此次好声音冠名商)。《中国好声音》56位入围学员中，竟然有14位东北学员，入围16强的学员有8名，而最终进入四强的学员，除吉克隽逸外，其余三人都是东北人，梁博更是最终成为“年度好声音”。","10/06/2012 10:45:45"
"sfdE","女子泯灭人性脚踹孕妇 男子从盘协助毒打孕妇被打至流产","【女子泯灭人性脚踹孕妇 男子从盘协助毒打孕妇被打至流产】 冤枉店主也算了，竟然明知店主是孕妇，还要脚踹，实在可恶。就因为自己的怀疑，女子脚踹孕妇，而同伴男子更高喊专打孕妇，最后打至孕妇流产，令人心痛。究竟这个女子为何如此泯灭人性呢？人类怎么变得如此凶恶呢？股城网综合报道(www.gucheng.com)：人类究竟是人性本善还是人性本恶呢？","10/06/2012 10:46:13"
"uMNO","鸟叔赤膊上阵 观众免费看《江南Style》演唱会","【鸟叔赤膊上阵 观众免费看《江南Style》演唱会】 当地时间10月4日，凭借一曲《江南Style》风靡多国的韩国流行歌坛老将朴载相（也称Psy）在韩国首尔广场举行免费演唱会，吸引了约8万名观众。图为朴载相在演唱会现场赤膊上阵表演歌曲。","10/06/2012 10:46:45"
"EyDk","外媒称中国作家莫言成为诺贝尔文学奖热门人选","【外媒称中国作家莫言成为诺贝尔文学奖热门人选】 而法新社最新的报道称，今年的诺贝尔文学奖将很可能在中国作家莫言和日本作家村上春树中产生。不光如此，在全球著名博彩公司Unibet公布的赔率表上，首次出现在名单上的莫言也排在第一顺位，村上春树紧随其后。种种迹象似乎都在说着，今年的诺贝尔文学奖很值如果现在打开诺贝尔奖的官方网站，你会看见，最上方排列着今年诺贝尔各大奖项的颁发日期，唯独躲在最后的文学奖迟迟没有确定的日子。","10/06/2012 13:52:13"
"bhjt","TVB45周年台庆亮灯仪式 梁乃鹏宣布赚8亿5千万","【TVB45周年台庆亮灯仪式 梁乃鹏宣布赚8亿5千万】 据香港媒体报道，TVB录影《凝聚力量TVB45周年》，行政主席梁乃鹏接替邵逸夫爵士，在港姐张名雅、黄心颖、汪明荃及郑裕玲陪同下为45周年台庆亮灯，梁乃鹏更公布喜讯，指今年上半年业积已高达8亿5千万，是开台以来最好的中期业绩，董事陈国强、高层李宝安、乐易玲、曾励珍及全台职艺员总动员出席，期间更为悼念南丫岛沉船的死难者默哀3分钟，曾醒明表示因海难将明珠台的海啸节目抽起，原先昨晚播放的亮灯仪式，亦改为录影，于下周一播放。","10/06/2012 17:43:00"
"HbOw","男网友网上现场直播自杀 月薪一万八仍感到迷惘","【男网友网上现场直播自杀 月薪一万八仍感到迷惘】 导读：现实的社会，工资的高低代表了你在社会的地位，可是在双节期间，深圳一男网友竟然在网上现场直播自杀过程，由于父母贪钱，让月薪一万八的男子仍感到迷惘，选择了上吊自杀来结束自己的生命。男网友网上现场直播自杀 月薪一万八仍感到迷惘社会的日益变迁，时下物价、房价等不断的上涨，人们的压力也日益剧增，特别是如今的年轻人，巨大的压力让深圳一男子有了自杀的念头，并且还在网上现场直播自杀过程。","10/07/2012 10:55:44"
"tfsT","常吉高速液化气槽罐车侧翻爆炸 3名消防员牺牲","【常吉高速液化气槽罐车侧翻爆炸 3名消防员牺牲】 本报讯(记者 颜家文 实习生 郭静思 通讯员 李少波)昨日上午9时10分，湖南怀化市沅陵县常吉高速官庄镇1117段地穆庵隧道口，发生一液化气槽罐车侧翻泄漏事故。沅陵消防中队接警后迅速赶往现场，但在施救过程中，液化气槽罐车突然爆炸，造成3名消防员牺牲。","10/07/2012 11:22:08"
"cDZh","保定爆炸案致1死34伤","【河北保定一居民楼发生爆炸】据记者了解，河北保定市小区居民楼爆炸导致方圆200米内的建筑物门窗受损，百米内地面及建筑物都被爆炸扬起的灰尘覆盖。赶到现场的燃气公司工作人员称，该小区未接入天然气。官方通报称，初步确定该爆炸已造成27人受伤，其中3人重伤。http://t.cn/zl94ujA","10/07/2012 12:13:43"
"JFmT","喵上校 世界上最愤怒的喵星人","【喵上校 世界上最愤怒的喵星人】 作者：LYC   来源：fzkx.net   法讯网   更新时间：2012-10-07 12:01法讯网（http://www.fzkx.net）综合报道：这只名为""喵上校""的波斯猫长着蓬松的绒毛，但估计没有多少人敢去触碰它，因为它那威严的容貌令人不寒而栗。","10/07/2012 13:03:09"
"Cojs","朝鲜士兵叛逃到韩国","【朝鲜士兵叛逃到韩国】 据法新社10月6日报道，韩国首尔方面6日表示，一名朝鲜士兵在射杀同事后，叛逃至韩国。报道引述韩联社的消息称，该士兵是在杀死了两名同事后，于6日穿越朝韩边境叛逃至韩国的。目前这名朝鲜士兵正处于韩国军方的保护性监禁之中。他自称在穿越边境前射杀了两名官员。","10/08/2012 09:42:49"
"Btwo","青银高速发生重大车祸：14人死亡40余人受伤","【青银高速发生重大车祸：14人死亡40余人受伤】 青银高速发生重大车祸：14人死亡40余人受伤[组图]。据央视报道，10月7日中午在青银高速淄博段发生的一起车辆侧翻事故目前已经造成6人当场死亡，8人在送医后死亡，40余人受伤。7日中午12点30分左右，在青银高速青岛方...[详细]青银高速发生重大车祸：14人死亡40余人受伤[组图]。","10/08/2012 09:43:29"
"OfnV","广东省委原书记林若逝世","【广东省委原书记林若逝世】 中共广东省委原书记、省人大原主任林若同志因病医治无效，于10月7日20时10分在广州逝世，享年89岁。","10/08/2012 09:43:38"
"vOHT","哈大高铁今载大米试运行 大连到沈阳仅需80分钟","【哈大高铁今载大米试运行 大连到沈阳仅需80分钟】 在经历了四个多月的联调联试后，哈大高铁将于今日起在921公里长的全线上试运行，今年年底正式开通。这是世界上第一条在高寒地区建设的设计时速350公里的高速铁路，预计从大连到沈阳仅需要80分钟就能跑完。哈大将成世界首条穿越高寒区高铁此前，国内动车组列车只能适应零下25℃到零上40℃之间的环境，在东北地区运营的最快时速为200公里。","10/08/2012 10:25:51"
"fIyQ","曝重庆奉节官员酒店灌醉并强留女记者房间 自称是干爹(一...","【曝重庆奉节官员酒店灌醉并强留女记者房间 自称是干爹(一...】 官员强留醉酒女记者房间，自称干爹。这次的“干爹门”与以往的相似之处在于由女方在微博曝光，不同点在于，“干爹”是官员自称的。据称，中秋国庆长假前夕，一官员强留醉酒女记者房间的微博被疯转，被曝光的这名官员疑为重庆奉节官员，“杨承欣V”为发布微博的女记者，在“干爹”强留房间过程中，她曾拍下一段视频。","10/08/2012 10:45:15"
"YUHb","黄圣依下跪拜赵本山为师 正式入门赵家班","【黄圣依下跪拜赵本山为师 正式入门赵家班】 由赵本山、黄圣依、宋小宝等主演的电视剧《第22条婚规》正在紧锣密鼓地拍摄中。昨天记者获悉，由该剧牵线搭桥，黄圣依登上了沈阳的刘老根大舞台，与宋小宝合作表演了一段二人转，并被赵本山收为徒弟。《第22条婚规》由本山传媒、千乘影视和巨力影视联手打造，以轻松幽默的手法讲述了一个癞蛤蟆想吃天鹅肉的现代都市情感故事。","10/08/2012 13:43:23"
"rsxi","委内瑞拉总统查韦斯第四次赢得选举","【委内瑞拉总统查韦斯第四次赢得选举】 加拉加斯消息：委内瑞拉全国选举委员会当地时间7日晚间宣布，现任总统乌戈？查韦斯以54%的得票率，击败年轻的竞选对手，第四次在总统选举中获胜。根据官方统计结果显示，在这场投票率近九成的大选中，现年58岁的查韦斯获得了54.42%的支持率，高于对手卡普里莱斯的44.97%。","10/08/2012 13:44:02"
"xRbX","全国双节长假发生交通事故6.8万起致794人遇难","【全国双节长假发生交通事故6.8万起致794人遇难】 中国旅游研究院院长戴斌甚至建议，要进一步落实带薪休假、错峰休假制度，在不增加节假日的前提下，可考虑恢复“五一”黄金周，至少恢复为5天，可分流一部分旅游需求。我国多数游客还处在观光旅游阶段，尚未达到休闲度假等深度旅游阶段，“初级游客目光都集中在知名度高的著名景点，目前，在全国5500多家A级景点中，5A级景点才136家，面对国内人数巨大的游客，现有的5A级景点供不应求。","10/08/2012 13:44:06"
"lEKP","广州地铁打架血肉模糊 67岁老汉因抢座...","【广州地铁打架血肉模糊 67岁老汉因抢座...】 广州地铁打架，67岁“红会”退休老人与28岁男青年教师在车陂南站冲突，两人被带走后都深表后悔，希望能原谅他们一时冲动的错误行为昨日上午8时38分许，广州地铁4号线爆发了一场令人痛心的抢座战。涉事双方分别为一名年约七旬的阿伯和一名20多岁的男青年。","10/08/2012 15:53:07"
"wRTG","司马南在海南大学演讲时遭学生扔鞋","【司马南在海南大学演讲时遭学生扔鞋】 昨日独立学者，社会评论家，中国反伪科学代表人物司马南(微博)在海南大学发表演讲，题目为一个理想主义者的理性与情怀。在提问环节遭遇学生提问并扔鞋。以下是流行于网络上的事件始末。","10/08/2012 15:54:19"
"KHOJ","北京地铁5号线电视屏显示王鹏你妹 地...","【北京地铁5号线电视屏显示王鹏你妹 地...】 中广网北京10月8日消息：有网友微博爆料称北京地铁5号线内电视屏幕只显示“王鹏你妹”四个字。为此，北京地铁公司官方微博致歉称：显示屏幕正在升级调试，有可能是系统故障或人员误操作，具体原因正在进一步核实。据@北京人不知道的北京事儿 微博爆料 ，今日16时开始，北京地铁5号线所有的屏幕都变成了“王鹏你妹”！","10/08/2012 19:32:19"
"qtbj","黄河兰州段浮尸调查：每年超300具 无人愿管","【黄河兰州段浮尸调查：每年超300具 无人愿管】 2005年，黄河什川段小峡水电站建成投产，魏职军的父亲魏应权干起了在小峡库区捡垃圾的活。不多久，魏职军子承父业，成为一支有十几名青壮劳动力组成的家庭打捞队的主力队员。魏职军所在的下河坪村，位于兰州市区下游20公里处。黄河流出兰州城后，沿着蜿蜒的峡谷一路奔向皋兰县什川镇的上河坪村，并在上、下河坪村交界的地方拐弯向北流去。","10/09/2012 10:24:34"
"MIVJ","明年起机动车闯红灯扣6分，你怎么看？","【明年起机动车闯红灯扣6分，你怎么看？】 编者按：公安部正计划修改111号令，修改意见稿中加大了对交通违法行为的处罚力度，闯红灯的处罚力度也将由记3分提高到记6分，故意遮挡号牌将有可能一次性记12分。500)this.width=500' align='center' hspace=10 vspace=10>消息一出，立即引发网友广泛争议。","10/09/2012 10:24:41"
"tNqm","贺国强：坚决查处薄熙来刘志军许宗衡等重大案件","【贺国强：坚决查处薄熙来刘志军许宗衡等重大案件】 据统计，从2007年11月至2012年6月，全国纪检监察机关共立案64万多件，结案63万多件，给予党纪政纪处分66万多人，涉嫌犯罪移送司法机关处理2.4万多人，坚决查处了薄熙来、刘志军、许宗衡等一批重大违纪违法案件。（原标题：贺国强：坚决查处薄熙来刘志军许宗衡等重大案件）","10/09/2012 11:32:25"
"OZoU","中国海监编队钓鱼岛海域升国旗开展维权巡航工作","【中国海监编队钓鱼岛海域升国旗开展维权巡航工作】 中国海监编队钓鱼岛海域升国旗开展维权巡航工作,日上午6时许，中国渔政201船的11名渔政人员在钓鱼岛海域伴随雄壮的国歌，徐徐升起中国国旗――五星红旗,为国庆节献上了一份意义不凡的贺礼。中国渔政船在钓鱼岛海域举行升国旗仪式(图)中国渔政船和渔政人员日夜坚守在保卫钓鱼岛的第一线，为维护祖国的领土作出了极大的贡献。","10/09/2012 11:54:26"
"ZrcV","假宽带调查:我们需要怎样的监管?","【假宽带调查:我们需要怎样的监管?】 “假宽带”调查再揭中国宽带虚胖之实。然而，“假宽带”本身并不可怕，真正可怕的是，“假宽带”乱象始终无法终结。归根结底，这只是监管的一个态度问题。[财讯网]""假宽带""调查再揭中国宽带虚胖之实。然而，""假宽带""本身并不可怕，真正可怕的是，""假宽带""乱象始终无法终结。","10/09/2012 14:32:45"
"iftI","2012第三届乐视影视盛典红毯秀星光熠熠","【2012第三届乐视影视盛典红毯秀星光熠熠】 10月9日晚，2012第三届乐视影视盛典在上海盛大开幕。盛典现场云集内地、港台、韩国等百余位明星，其中不乏韩庚、钟汉良、张靓颖、陈妍希、冯绍峰、刘诗诗、陈楚河、唐嫣、张俪等娱乐圈新生代当红艺人，此外还有刘晓庆、斯琴高娃、恬妞、刘威、郭涛、林永健、吴奇隆、段奕宏、杜淳等多位保视实力派演员，更有陈凯歌、陈红、郑晓龙、李湘以及从演员转向幕后的任泉等金牌影视人的捧场，韩彩英、李多海、秋瓷炫等几位韩国艺人也现身盛典现场，共同揭晓第三届乐视影视盛典的获奖名单。","10/10/2012 15:42:32"
